github,"",14982869,2016-06-28 22:30:13 +0200,6,production,2016-06-28T20:16:57Z,2016-06-28,20,16
github,"",14982869,2016-06-28 22:30:13 +0200,6,production,2016-06-28T15:08:40Z,2016-06-28,15,08
github,"",14982869,2016-06-28 22:30:13 +0200,6,production,2016-06-28T14:13:33Z,2016-06-28,14,13
github,"",14982869,2016-06-28 22:30:13 +0200,6,production,2016-06-28T13:32:12Z,2016-06-28,13,32
github,"",14982869,2016-06-28 22:30:13 +0200,6,production,2016-06-28T10:21:11Z,2016-06-28,10,21
github,"",14982869,2016-06-28 22:30:13 +0200,6,production,2016-06-23T13:50:42Z,2016-06-23,13,50
github,"",14982869,2016-06-28 22:30:13 +0200,6,production,2016-06-23T13:36:45Z,2016-06-23,13,36
github,"",14982869,2016-06-28 22:30:13 +0200,6,production,2016-06-23T10:12:09Z,2016-06-23,10,12
github,"",14982869,2016-06-28 22:30:13 +0200,6,production,2016-06-23T09:59:59Z,2016-06-23,09,59
github,"",14982869,2016-06-28 22:30:13 +0200,6,production,2016-06-23T09:33:55Z,2016-06-23,09,33
github,"",14982869,2016-06-28 22:30:13 +0200,6,production,2016-06-23T08:55:16Z,2016-06-23,08,55
github,"",14982869,2016-06-28 22:30:13 +0200,6,production,2016-06-23T08:08:53Z,2016-06-23,08,08
github,"",14982869,2016-06-28 22:30:13 +0200,6,production,2016-06-22T15:31:32Z,2016-06-22,15,31
github,"",14982869,2016-06-28 22:30:13 +0200,6,production,2016-06-22T15:22:29Z,2016-06-22,15,22
github,"",14982869,2016-06-28 22:30:13 +0200,6,production,2016-06-22T15:22:29Z,2016-06-22,15,22
github,"",14982869,2016-06-28 22:30:13 +0200,6,production,2016-06-22T15:22:24Z,2016-06-22,15,22
github,"",14982869,2016-06-28 22:30:13 +0200,6,production,2016-06-22T15:21:28Z,2016-06-22,15,21
github,"",14982869,2016-06-28 22:30:13 +0200,6,production,2016-06-20T09:45:07Z,2016-06-20,09,45
github,"",14982869,2016-06-28 22:30:13 +0200,6,production,2016-06-20T06:46:40Z,2016-06-20,06,46
github,"",14982869,2016-06-28 22:30:13 +0200,6,production,2016-06-19T19:51:34Z,2016-06-19,19,51
github,"",14982869,2016-06-28 22:30:13 +0200,6,production,2016-06-19T16:58:32Z,2016-06-19,16,58
github,"",14982869,2016-06-28 22:30:13 +0200,6,production,2016-06-19T16:58:31Z,2016-06-19,16,58
github,"",14982869,2016-06-28 22:30:13 +0200,6,production,2016-06-19T16:58:26Z,2016-06-19,16,58
github,"",14982869,2016-06-28 22:30:13 +0200,6,production,2016-06-19T16:56:40Z,2016-06-19,16,56
github,"",14982869,2016-06-28 22:30:13 +0200,6,production,2016-06-19T07:54:00Z,2016-06-19,07,54
github,"",14982869,2016-06-28 22:30:13 +0200,6,production,2016-06-18T11:35:37Z,2016-06-18,11,35
github,"",14982869,2016-06-28 22:30:13 +0200,6,production,2016-06-17T17:11:50Z,2016-06-17,17,11
github,"",14982869,2016-06-28 22:30:13 +0200,6,production,2016-06-17T12:27:44Z,2016-06-17,12,27
github,"",14982869,2016-06-28 22:30:13 +0200,6,production,2016-06-17T12:03:33Z,2016-06-17,12,03
github,"",14982869,2016-06-28 22:30:13 +0200,6,production,2016-06-17T09:01:25Z,2016-06-17,09,01
