trello,"",4f858927c943a92e0e0b1adf,2016-07-28 12:04:18 +0200,nil,production,2016-07-28T02:47:42+00:00,20160728,02,47
trello,"",4f861a18acf13b2c0e45d08c,2016-07-28 12:04:18 +0200,nil,production,2016-07-28T09:49:39+00:00,20160728,09,49
trello,"",4f8ee6c2a09c612f081e9bd9,2016-07-28 12:04:18 +0200,nil,production,2016-07-20T16:22:13+00:00,20160720,16,22
trello,"",4fb1200305b37be272255400,2016-07-28 12:04:18 +0200,nil,production,2016-07-27T05:36:56+00:00,20160727,05,36
trello,"",4f861a02acf13b2c0e45ccb4,2016-07-28 12:04:18 +0200,nil,production,2016-03-28T07:58:59+00:00,20160328,07,58
trello,"",4f8f4c55fa15c3c724038f00,2016-07-28 12:04:18 +0200,nil,production,2016-07-27T12:52:35+00:00,20160727,12,52
trello,"",4f861d27762e12320e48494c,2016-07-28 12:04:18 +0200,nil,production,2016-07-28T10:03:12+00:00,20160728,10,03
trello,"",529cd4a9cd15389604005c3a,2016-07-28 12:04:18 +0200,nil,production,2016-06-01T15:40:44+00:00,20160601,15,40
trello,"",4f8619cfacf13b2c0e45c490,2016-07-28 12:04:18 +0200,nil,production,2016-07-06T02:44:48+00:00,20160706,02,44
trello,"",4f884883aaee9ebd251a9de0,2016-07-28 12:04:18 +0200,nil,production,2016-06-25T15:24:45+00:00,20160625,15,24
trello,"",4f8ee525a09c612f081dd6fe,2016-07-28 12:04:18 +0200,nil,production,2016-07-28T05:54:46+00:00,20160728,05,54
trello,"",4f9835484e15fc4d5b022f24,2016-07-28 12:04:18 +0200,nil,production,2015-10-03T21:11:43+00:00,20151003,21,11
trello,"",4f861c8facf13b2c0e464d1c,2016-07-28 12:04:18 +0200,nil,production,2016-07-26T21:13:53+00:00,20160726,21,13
trello,"",4fad568bfdfa2c185111bdd1,2016-07-28 12:04:18 +0200,nil,production,2016-05-10T23:28:02+00:00,20160510,23,28
trello,"",4f861b72acf13b2c0e462270,2016-07-28 12:04:18 +0200,nil,production,2016-06-13T12:55:19+00:00,20160613,12,55
trello,"",4f861adfacf13b2c0e45f5f5,2016-07-28 12:04:18 +0200,nil,production,2016-05-13T13:16:40+00:00,20160513,13,16
trello,"",4f907336da2cadc12a39dae9,2016-07-28 12:04:18 +0200,nil,production,2016-07-08T16:32:06+00:00,20160708,16,32
trello,"",55d1fd8a7f97359f2c156f46,2016-07-28 12:04:18 +0200,nil,production,2016-07-26T22:05:13+00:00,20160726,22,05
trello,"",4f8c1ffe59c90e4f5b2a2be9,2016-07-28 12:04:18 +0200,nil,production,2016-07-26T16:09:42+00:00,20160726,16,09
trello,"",4f90736ada2cadc12a39e3f2,2016-07-28 12:04:18 +0200,nil,production,2016-07-07T10:54:27+00:00,20160707,10,54
trello,"",4f8c244c56f9e4c142367bd1,2016-07-28 12:04:18 +0200,nil,production,2016-07-23T15:40:33+00:00,20160723,15,40
trello,"",4f9074af5835d116751ff4a7,2016-07-28 12:04:18 +0200,nil,production,2016-07-27T10:43:06+00:00,20160727,10,43
trello,"",4f8f22df4fd747a5062a3481,2016-07-28 12:04:18 +0200,nil,production,2016-07-19T00:17:59+00:00,20160719,00,17
trello,"",4f95d740e9c104086f4b56cb,2016-07-28 12:04:18 +0200,nil,production,2016-05-06T15:02:22+00:00,20160506,15,02
trello,"",4f8ef95e67a4d840084de802,2016-07-28 12:04:18 +0200,nil,production,2016-05-25T23:15:42+00:00,20160525,23,15
trello,"",4f90750cc9fa68b12a48e8dc,2016-07-28 12:04:18 +0200,nil,production,2016-07-01T03:50:09+00:00,20160701,03,50
trello,"",4f9935a25380b4ab142e00ca,2016-07-28 12:04:18 +0200,nil,production,2016-05-05T21:02:03+00:00,20160505,21,02
trello,"",4f9b00e34ba4aefd2306c0fa,2016-07-28 12:04:18 +0200,nil,production,2016-04-06T23:30:20+00:00,20160406,23,30
trello,"",4f8c60576d3192bb42516100,2016-07-28 12:04:18 +0200,nil,production,2016-01-14T10:19:46+00:00,20160114,10,19
trello,"",4f8d9cbf557fe1a905449a47,2016-07-28 12:04:18 +0200,nil,production,2016-07-01T03:50:44+00:00,20160701,03,50
trello,"",4fad5a4de5a4cbd44d14a338,2016-07-28 12:04:18 +0200,nil,production,2016-04-06T12:37:08+00:00,20160406,12,37
trello,"",4fbe37e47bd420e507de185f,2016-07-28 12:04:18 +0200,nil,production,2016-06-27T12:20:31+00:00,20160627,12,20
trello,"",4fad59f4e5a4cbd44d148683,2016-07-28 12:04:18 +0200,nil,production,2016-05-18T03:36:34+00:00,20160518,03,36
trello,"",4fbbd954ac5f77185e002acb,2016-07-28 12:04:18 +0200,nil,production,2015-07-07T21:08:29+00:00,20150707,21,08
trello,"",4fa4183a58cfab633a24e8dd,2016-07-28 12:04:18 +0200,nil,production,2016-06-08T16:36:05+00:00,20160608,16,36
trello,"",4f8ee606a09c612f081e4792,2016-07-28 12:04:18 +0200,nil,production,2016-04-16T14:49:40+00:00,20160416,14,49
trello,"",4f8c25b08823dc585b24b5c4,2016-07-28 12:04:18 +0200,nil,production,2016-07-28T02:09:01+00:00,20160728,02,09
trello,"",4f8c60c2b7459bc242428a4f,2016-07-28 12:04:18 +0200,nil,production,2015-10-29T09:29:45+00:00,20151029,09,29
trello,"",4f8c24e42a8fc0545b61f20f,2016-07-28 12:04:18 +0200,nil,production,2016-05-30T16:42:07+00:00,20160530,16,42
trello,"",4f8c233c4f4a1c555b179612,2016-07-28 12:04:18 +0200,nil,production,2016-05-01T15:14:56+00:00,20160501,15,14
trello,"",551c552d524f8949148aa532,2016-07-28 12:04:18 +0200,nil,production,2015-09-18T16:17:38+00:00,20150918,16,17
trello,"",55d1fe055bebb0b47fe154a1,2016-07-28 12:04:18 +0200,nil,production,2016-07-26T06:24:24+00:00,20160726,06,24
trello,"",4f8585bd38616a360e07a5fe,2016-07-28 12:04:18 +0200,nil,production,2016-07-27T22:17:06+00:00,20160727,22,17
trello,"",4f85870438616a360e081a24,2016-07-28 12:04:18 +0200,nil,production,2016-07-21T08:38:12+00:00,20160721,08,38
trello,"",4f8583d3c3045f300e032c63,2016-07-28 12:04:18 +0200,nil,production,2016-07-15T23:08:06+00:00,20160715,23,08
trello,"",50cb8dfcc82efc837300bf91,2016-07-28 12:04:18 +0200,nil,production,2016-06-23T08:01:29+00:00,20160623,08,01
trello,"",4f8583dcc3045f300e032d4c,2016-07-28 12:04:18 +0200,nil,production,2016-07-20T01:07:51+00:00,20160720,01,07
trello,"",4f85857838616a360e07832a,2016-07-28 12:04:18 +0200,nil,production,2016-06-07T20:50:37+00:00,20160607,20,50
trello,"",4f84a7a53dc1e69c3426e020,2016-07-28 12:04:18 +0200,nil,production,2016-07-26T10:02:21+00:00,20160726,10,02
trello,"",4f8739e5804d93f9286d97fa,2016-07-28 12:04:18 +0200,nil,production,2016-07-20T16:22:42+00:00,20160720,16,22
trello,"",4f84a7b03dc1e69c3426e4bc,2016-07-28 12:04:18 +0200,nil,production,2015-07-07T17:39:52+00:00,20150707,17,39
trello,"",4f84a7cb3dc1e69c342700bc,2016-07-28 12:04:18 +0200,nil,production,2016-07-17T11:32:56+00:00,20160717,11,32
trello,"",4f84a7dd3dc1e69c34270b21,2016-07-28 12:04:18 +0200,nil,production,2016-07-21T12:00:11+00:00,20160721,12,00
trello,"",526fe5ab754b18d949005375,2016-07-28 12:04:18 +0200,nil,production,2016-07-20T16:40:51+00:00,20160720,16,40
trello,"",532332da707659b61742c2ef,2016-07-28 12:04:18 +0200,nil,production,2016-07-26T21:18:25+00:00,20160726,21,18
trello,"",4f8f22bc4fd747a5062a2c23,2016-07-28 12:04:18 +0200,nil,production,2016-07-13T07:12:37+00:00,20160713,07,12
trello,"",50dc51fbb2d84ecc2d000fed,2016-07-28 12:04:18 +0200,nil,production,2016-07-26T21:18:28+00:00,20160726,21,18
trello,"",4f85a9df23bb89f5281f15fe,2016-07-28 12:04:18 +0200,nil,production,2016-07-13T08:00:07+00:00,20160713,08,00
trello,"",535ab5dbad95ffb25aa0dfb1,2016-07-28 12:04:18 +0200,nil,production,2016-03-28T20:45:21+00:00,20160328,20,45
trello,"",530cb91da2dedb386365d3ad,2016-07-28 12:04:18 +0200,nil,production,2016-04-28T08:41:58+00:00,20160428,08,41
trello,"",53021d9a5adaec7d77228dff,2016-07-28 12:04:18 +0200,nil,production,2016-07-14T19:49:08+00:00,20160714,19,49
trello,"",4f84a7f33dc1e69c34270fc9,2016-07-28 12:04:18 +0200,nil,production,2016-05-25T21:18:46+00:00,20160525,21,18
trello,"",4fad61a720a63795721b131d,2016-07-28 12:04:18 +0200,nil,production,2015-11-11T01:41:45+00:00,20151111,01,41
trello,"",54908c24f34ad9925ddbc103,2016-07-28 12:04:18 +0200,nil,production,2016-07-25T13:25:26+00:00,20160725,13,25
trello,"",54b52ed7e1037a349942fc4d,2016-07-28 12:04:18 +0200,nil,production,2016-05-04T20:41:26+00:00,20160504,20,41
trello,"",557b3cc404307e9b6382356e,2016-07-28 12:04:18 +0200,nil,production,2016-03-18T14:45:43+00:00,20160318,14,45
trello,"",4f8585b938616a360e07a524,2016-07-28 12:04:18 +0200,nil,production,2016-07-22T20:28:18+00:00,20160722,20,28
trello,"",568ea23db07c364f275cd503,2016-07-28 12:04:18 +0200,nil,production,2016-06-14T17:48:43+00:00,20160614,17,48
trello,"",568edc454daaa5cfd3ad2aae,2016-07-28 12:04:18 +0200,nil,production,2016-07-14T20:06:20+00:00,20160714,20,06
trello,"",56b275935162da9bc5e7efc2,2016-07-28 12:04:18 +0200,nil,production,2016-06-26T19:47:50+00:00,20160626,19,47
trello,"",4f8585b438616a360e07a410,2016-07-28 12:04:18 +0200,nil,production,2016-07-26T21:50:15+00:00,20160726,21,50
trello,"",52bd7a10e99cfc295c03b49d,2016-07-28 12:04:18 +0200,nil,production,2016-07-16T21:36:36+00:00,20160716,21,36
trello,"",4f9b0e45626eed7c2423f1e9,2016-07-28 12:04:18 +0200,nil,production,2016-07-25T14:09:43+00:00,20160725,14,09
trello,"",4f84a6803dc1e69c34260a32,2016-07-28 12:04:18 +0200,nil,production,2016-07-21T05:39:11+00:00,20160721,05,39
trello,"",4f84a83f3dc1e69c34274190,2016-07-28 12:04:18 +0200,nil,production,2016-07-12T13:03:46+00:00,20160712,13,03
trello,"",4f84a65e0cbdcb7e7d40f4d1,2016-07-28 12:04:18 +0200,nil,production,2014-11-13T05:23:42+00:00,20141113,05,23
trello,"",55351a6c562c8548d0d2654c,2016-07-28 12:04:18 +0200,nil,production,2016-03-05T07:24:58+00:00,20160305,07,24
trello,"",50dc5211b2d84ecc2d000ff2,2016-07-28 12:04:18 +0200,nil,production,2015-11-04T14:34:00+00:00,20151104,14,34
trello,"",532b2dc5a45d910909b7824a,2016-07-28 12:04:18 +0200,nil,production,2016-03-31T14:04:51+00:00,20160331,14,04
trello,"",4f8ef922deca0dc84a023613,2016-07-28 12:04:18 +0200,nil,production,2015-11-04T14:36:31+00:00,20151104,14,36
trello,"",4f8d9a5c56a197a07f43c78e,2016-07-28 12:04:18 +0200,nil,production,2015-12-11T02:29:31+00:00,20151211,02,29
trello,"",50e6f37ae45285060f000291,2016-07-28 12:04:18 +0200,nil,production,2016-05-16T21:35:07+00:00,20160516,21,35
trello,"",537ce80036ea3c7bc792fdb5,2016-07-28 12:04:18 +0200,nil,production,2016-04-26T23:10:00+00:00,20160426,23,10
trello,"",541c3e7b32e9fb9730ca2cb8,2016-07-28 12:04:18 +0200,nil,production,2016-07-08T11:55:46+00:00,20160708,11,55
trello,"",527a5f36ce849d1866004b9e,2016-07-28 12:04:18 +0200,nil,production,2016-01-04T09:37:22+00:00,20160104,09,37
trello,"",54060c9f3bd21565ee6d8e45,2016-07-28 12:04:18 +0200,nil,production,2016-06-24T20:35:16+00:00,20160624,20,35
trello,"",535fc20a66c40d473dd419f8,2016-07-28 12:04:18 +0200,nil,production,2016-06-16T05:24:32+00:00,20160616,05,24
trello,"",5231cf35abee1063340043a8,2016-07-28 12:04:18 +0200,nil,production,2014-10-31T20:03:42+00:00,20141031,20,03
trello,"",52d4140ba8e0f7535e6b80bf,2016-07-28 12:04:18 +0200,nil,production,2014-10-31T20:03:43+00:00,20141031,20,03
trello,"",5332e13ed4a82b9f2486fb70,2016-07-28 12:04:18 +0200,nil,production,2014-10-31T20:03:43+00:00,20141031,20,03
trello,"",5485ef1c370382d5f2a0dc5e,2016-07-28 12:04:18 +0200,nil,production,2015-02-19T09:19:52+00:00,20150219,09,19
trello,"",54906155ed94bd0a4fbfd429,2016-07-28 12:04:18 +0200,nil,production,2014-12-17T15:35:33+00:00,20141217,15,35
trello,"",5491c753d5540959cd7fdb4b,2016-07-28 12:04:18 +0200,nil,production,2016-02-26T00:18:06+00:00,20160226,00,18
trello,"",54aea223aafe20faf40ccd5f,2016-07-28 12:04:18 +0200,nil,production,2015-11-04T14:51:06+00:00,20151104,14,51
trello,"",54b40cfc08505339e6c7d2b9,2016-07-28 12:04:18 +0200,nil,production,2015-04-20T03:18:50+00:00,20150420,03,18
trello,"",54b52e9ba097a64bdcb64fe4,2016-07-28 12:04:18 +0200,nil,production,2016-05-04T13:53:06+00:00,20160504,13,53
trello,"",54bd15b6816a74f374f4a85d,2016-07-28 12:04:18 +0200,nil,production,2016-05-15T01:39:29+00:00,20160515,01,39
trello,"",54e66143b1662883c5b507e9,2016-07-28 12:04:18 +0200,nil,production,2015-03-12T07:25:41+00:00,20150312,07,25
trello,"",55071ebe480ec9531d13f755,2016-07-28 12:04:18 +0200,nil,production,2015-10-06T02:57:25+00:00,20151006,02,57
trello,"",551051509275693787a569e8,2016-07-28 12:04:18 +0200,nil,production,2015-06-25T08:04:29+00:00,20150625,08,04
trello,"",55130a6a94c4dfbeacc3bcaf,2016-07-28 12:04:18 +0200,nil,production,2016-04-01T07:27:21+00:00,20160401,07,27
trello,"",551c26041b4d27760389e0bf,2016-07-28 12:04:18 +0200,nil,production,2015-11-04T14:53:46+00:00,20151104,14,53
trello,"",5571a7d60aeb3dfbba5a5e59,2016-07-28 12:04:18 +0200,nil,production,2015-06-05T13:45:32+00:00,20150605,13,45
trello,"",5578a0e55e73ca758ced22db,2016-07-28 12:04:18 +0200,nil,production,2016-05-19T20:36:29+00:00,20160519,20,36
trello,"",5638d060484f0d95fd66962b,2016-07-28 12:04:18 +0200,nil,production,2016-05-30T19:05:43+00:00,20160530,19,05
trello,"",56bded1cf2ae32111d62aedb,2016-07-28 12:04:18 +0200,nil,production,2016-02-12T14:33:39+00:00,20160212,14,33
trello,"",56f9c5d8d563402566e36629,2016-07-28 12:04:18 +0200,nil,production,2016-06-23T13:45:31+00:00,20160623,13,45
trello,"",4f8585b638616a360e07a49a,2016-07-28 12:04:18 +0200,nil,production,2016-06-10T11:43:31+00:00,20160610,11,43
trello,"",4f8c5fe00431ad515b4fd916,2016-07-28 12:04:18 +0200,nil,production,2016-07-22T09:25:53+00:00,20160722,09,25
trello,"",4f84a71f3dc1e69c342675b1,2016-07-28 12:04:18 +0200,nil,production,2016-06-24T20:34:42+00:00,20160624,20,34
trello,"",4fad54f6d23edf1a6011f8b8,2016-07-28 12:04:18 +0200,nil,production,2016-07-11T13:46:19+00:00,20160711,13,46
trello,"",4f8d98e4b7459bc242a8c74a,2016-07-28 12:04:18 +0200,nil,production,2016-06-07T14:11:36+00:00,20160607,14,11
trello,"",4f84a7003dc1e69c34266b8e,2016-07-28 12:04:18 +0200,nil,production,2016-05-07T12:48:06+00:00,20160507,12,48
trello,"",4f90734bda2cadc12a39de7b,2016-07-28 12:04:18 +0200,nil,production,2016-05-03T09:35:23+00:00,20160503,09,35
trello,"",4f84a6cf3dc1e69c342640aa,2016-07-28 12:04:18 +0200,nil,production,2015-05-07T07:06:23+00:00,20150507,07,06
trello,"",4f8871f3e8d89cc025438c36,2016-07-28 12:04:18 +0200,nil,production,2016-06-24T20:35:11+00:00,20160624,20,35
trello,"",4f84a6e23dc1e69c34264e68,2016-07-28 12:04:18 +0200,nil,production,2016-02-08T11:33:21+00:00,20160208,11,33
trello,"",4f8583a5acf13b2c0e06b030,2016-07-28 12:04:18 +0200,nil,production,2014-10-21T19:13:01+00:00,20141021,19,13
trello,"",502288c04688ec513d1536f0,2016-07-28 12:04:18 +0200,nil,production,2013-02-05T16:21:46+00:00,20130205,16,21
trello,"",4f84a9903dc1e69c3427ea25,2016-07-28 12:04:18 +0200,nil,production,2016-04-17T13:58:20+00:00,20160417,13,58
trello,"",4fb15bdbe2881df83f038625,2016-07-28 12:04:18 +0200,nil,production,2016-04-05T18:00:20+00:00,20160405,18,00
trello,"",4f84a6f53dc1e69c3426577a,2016-07-28 12:04:18 +0200,nil,production,2015-06-01T08:26:37+00:00,20150601,08,26
trello,"",4f8c6e85e04240575b6e6b9d,2016-07-28 12:04:18 +0200,nil,production,2014-09-16T15:34:21+00:00,20140916,15,34
trello,"",4f85868a38616a360e07e426,2016-07-28 12:04:18 +0200,nil,production,2016-07-25T19:01:24+00:00,20160725,19,01
trello,"",4f85d95ab8e66bf2281883ff,2016-07-28 12:04:18 +0200,nil,production,2016-07-22T07:50:30+00:00,20160722,07,50
trello,"",4f84a9b93dc1e69c34280abe,2016-07-28 12:04:18 +0200,nil,production,2016-05-03T09:35:34+00:00,20160503,09,35
trello,"",4f858a91e464f3230e09a282,2016-07-28 12:04:18 +0200,nil,production,2015-12-24T09:27:40+00:00,20151224,09,27
trello,"",4f942fc682d57f7a6229b96c,2016-07-28 12:04:18 +0200,nil,production,2015-09-19T22:38:33+00:00,20150919,22,38
trello,"",55130a9330b778a8c61e0593,2016-07-28 12:04:18 +0200,nil,production,2016-02-03T14:24:03+00:00,20160203,14,24
trello,"",51f5e437252efbd10800146a,2016-07-28 12:04:18 +0200,nil,production,2013-09-24T18:16:44+00:00,20130924,18,16
trello,"",4f9074875835d116751feac0,2016-07-28 12:04:18 +0200,nil,production,2016-06-22T09:53:55+00:00,20160622,09,53
trello,"",4f8587ea3ffbcf310e056171,2016-07-28 12:04:18 +0200,nil,production,2016-07-20T21:59:20+00:00,20160720,21,59
trello,"",52de6eb920c331da7cf5f0d0,2016-07-28 12:04:18 +0200,nil,production,2016-07-14T19:50:26+00:00,20160714,19,50
trello,"",4f85861538616a360e07c59e,2016-07-28 12:04:18 +0200,nil,production,2016-02-28T18:11:54+00:00,20160228,18,11
trello,"",50de0d5ded6e444f6400000e,2016-07-28 12:04:18 +0200,nil,production,2016-07-02T23:11:38+00:00,20160702,23,11
trello,"",4f85876338616a360e08343c,2016-07-28 12:04:18 +0200,nil,production,2016-07-21T02:32:59+00:00,20160721,02,32
trello,"",4f8590b8de0e0100290abb78,2016-07-28 12:04:18 +0200,nil,production,2016-07-22T20:16:47+00:00,20160722,20,16
trello,"",4f858b020213e5476c04c6b0,2016-07-28 12:04:18 +0200,nil,production,2016-02-07T13:01:17+00:00,20160207,13,01
trello,"",4f84a8fa3dc1e69c3427b48f,2016-07-28 12:04:18 +0200,nil,production,2016-03-30T06:21:42+00:00,20160330,06,21
trello,"",4f8586d638616a360e081371,2016-07-28 12:04:18 +0200,nil,production,2016-06-16T12:44:00+00:00,20160616,12,44
trello,"",4f8586af38616a360e080762,2016-07-28 12:04:18 +0200,nil,production,2014-10-30T14:06:15+00:00,20141030,14,06
trello,"",4f85874a38616a360e082fa6,2016-07-28 12:04:18 +0200,nil,production,2014-10-30T14:06:42+00:00,20141030,14,06
trello,"",50240e2753f944277f3a6a36,2016-07-28 12:04:18 +0200,nil,production,2016-07-18T00:02:44+00:00,20160718,00,02
trello,"",4f8588ccc943a92e0e0ab760,2016-07-28 12:04:18 +0200,nil,production,2015-07-20T08:43:11+00:00,20150720,08,43
trello,"",56fed04b38f35460d831e78e,2016-07-28 12:04:18 +0200,nil,production,2016-04-01T23:09:36+00:00,20160401,23,09
trello,"",4f8589bbcae39c466c075932,2016-07-28 12:04:18 +0200,nil,production,2015-12-18T03:34:28+00:00,20151218,03,34
trello,"",4f97f261cf129a540635ddaa,2016-07-28 12:04:18 +0200,nil,production,2014-09-18T19:24:08+00:00,20140918,19,24
trello,"",5388b84449de89e5bb75492f,2016-07-28 12:04:18 +0200,nil,production,2015-11-25T11:46:28+00:00,20151125,11,46
trello,"",54aed131e573a713f578fdc2,2016-07-28 12:04:18 +0200,nil,production,2016-02-24T19:40:05+00:00,20160224,19,40
trello,"",4f84a9013dc1e69c3427b5ef,2016-07-28 12:04:18 +0200,nil,production,2016-07-15T05:47:20+00:00,20160715,05,47
trello,"",4f84a9103dc1e69c3427bb75,2016-07-28 12:04:18 +0200,nil,production,2016-05-06T19:15:14+00:00,20160506,19,15
trello,"",4f84a9153dc1e69c3427bdb8,2016-07-28 12:04:18 +0200,nil,production,2016-05-06T19:15:43+00:00,20160506,19,15
trello,"",4f84a9133dc1e69c3427bc34,2016-07-28 12:04:18 +0200,nil,production,2016-06-22T20:17:54+00:00,20160622,20,17
trello,"",50116995ab6e442f374b53bc,2016-07-28 12:04:18 +0200,nil,production,2016-02-04T21:04:37+00:00,20160204,21,04
trello,"",51fbccb97d3be4992a0020c2,2016-07-28 12:04:18 +0200,nil,production,2016-05-06T19:16:06+00:00,20160506,19,16
trello,"",4fb155e6578cd7f63f001697,2016-07-28 12:04:18 +0200,nil,production,2016-04-20T18:05:09+00:00,20160420,18,05
trello,"",504039d7aa47d4977723b07e,2016-07-28 12:04:18 +0200,nil,production,2016-02-04T21:04:35+00:00,20160204,21,04
trello,"",51fbcca3a96b70825100157f,2016-07-28 12:04:18 +0200,nil,production,2016-06-25T15:48:50+00:00,20160625,15,48
trello,"",5442aaa21f2788a95f056763,2016-07-28 12:04:18 +0200,nil,production,2016-03-07T19:09:24+00:00,20160307,19,09
trello,"",501169f5ab6e442f374b8dc2,2016-07-28 12:04:18 +0200,nil,production,2013-08-02T15:21:24+00:00,20130802,15,21
trello,"",54526db2a3396c5f227301cd,2016-07-28 12:04:18 +0200,nil,production,2016-07-25T23:45:57+00:00,20160725,23,45
trello,"",54526f9458b3bb92b10cc931,2016-07-28 12:04:18 +0200,nil,production,2016-06-24T07:51:36+00:00,20160624,07,51
trello,"",54526cefad4e74f08bdb6cd2,2016-07-28 12:04:18 +0200,nil,production,2016-07-22T00:13:18+00:00,20160722,00,13
trello,"",54526cd853b9e017919ce760,2016-07-28 12:04:18 +0200,nil,production,2016-04-15T03:30:00+00:00,20160415,03,30
trello,"",54526e1461a752721f25268c,2016-07-28 12:04:18 +0200,nil,production,2016-05-11T11:38:40+00:00,20160511,11,38
